sample_id,project,cwe_id,vulnerability_type,analyzer,run_started_at,output_root,report_path,success,generation_success,semantic_success,vuln_validation_blocked,vuln_validation_block_reason,vuln_validation_target,vuln_hit,vuln_diagnostics,fixed_validation_success,fixed_validation_blocked,fixed_validation_block_reason,fixed_validation_target,fixed_silent,fixed_diagnostics,pds,checker_name,iterations,compile_attempts,artifact_total_lines,artifact_nonempty_lines,agent_prompt_tokens,agent_completion_tokens,agent_total_tokens,pipeline_prompt_tokens,pipeline_completion_tokens,pipeline_total_tokens,llm_calls,total_seconds,agent_seconds,validation_seconds,error_message
vul4c_cwe369_libtiff_cve20177595,libtiff,CWE-369,divide by zero,csa,2026/4/22 20:22,/home/spa/LLM-Native/v2_experiments/runs/vul4c_cwe369_libtiff_cve20177595/primary/csa/20260422_201752,/home/spa/LLM-Native/v2_experiments/runs/vul4c_cwe369_libtiff_cve20177595/primary/csa/20260422_201752/final_report.json,TRUE,TRUE,TRUE,FALSE,,/home/spa/LLM-Native/v2_experiments/datasets/curated/vul4c_cwe369_libtiff_cve20177595/vulnerable,TRUE,3,TRUE,FALSE,,/home/spa/LLM-Native/v2_experiments/datasets/curated/vul4c_cwe369_libtiff_cve20177595/fixed,TRUE,0,TRUE,InvalidSamplingFactorValidationChecker,4,1,396,325,32421,4530,36951,70376,9442,79818,9,200.085,117.887,81.857,
vul4c_cwe369_libtiff_cve20177595,libtiff,CWE-369,divide by zero,codeql,2026/4/22 20:54,/home/spa/LLM-Native/v2_experiments/runs/vul4c_cwe369_libtiff_cve20177595/primary/codeql/20260422_205229,/home/spa/LLM-Native/v2_experiments/runs/vul4c_cwe369_libtiff_cve20177595/primary/codeql/20260422_205229/final_report.json,TRUE,TRUE,TRUE,FALSE,,/home/spa/LLM-Native/v2_experiments/datasets/curated/vul4c_cwe369_libtiff_cve20177595/vulnerable,TRUE,5,TRUE,FALSE,,/home/spa/LLM-Native/v2_experiments/datasets/curated/vul4c_cwe369_libtiff_cve20177595/fixed,FALSE,5,FALSE,LibtiffYCbCrSamplingDivideByZero,4,0,122,110,28928,2081,31009,63390,4902,68292,9,106.764,90.975,15.534,
vul4c_cwe119_imagemagick_cve20169556,imagemagick,CWE-119,buffer overflow,csa,2026/4/23 10:36,/home/spa/LLM-Native/v2_experiments/runs/vul4c_cwe119_imagemagick_cve20169556/primary/csa/20260423_102141,/home/spa/LLM-Native/v2_experiments/runs/vul4c_cwe119_imagemagick_cve20169556/primary/csa/20260423_102141/final_report.json,TRUE,TRUE,TRUE,FALSE,,/home/spa/LLM-Native/v2_experiments/datasets/curated/vul4c_cwe119_imagemagick_cve20169556/vulnerable,TRUE,94,TRUE,FALSE,,/home/spa/LLM-Native/v2_experiments/datasets/curated/vul4c_cwe119_imagemagick_cve20169556/fixed,FALSE,96,FALSE,MalformedHeaderFieldRangeChecker,4,1,524,449,30614,5809,36423,66726,12029,78755,9,493.551,138.26,355.044,
vul4c_cwe119_imagemagick_cve20169556,imagemagick,CWE-119,buffer overflow,codeql,2026/4/23 10:47,/home/spa/LLM-Native/v2_experiments/runs/vul4c_cwe119_imagemagick_cve20169556/primary/codeql/20260423_104338,/home/spa/LLM-Native/v2_experiments/runs/vul4c_cwe119_imagemagick_cve20169556/primary/codeql/20260423_104338/final_report.json,TRUE,TRUE,TRUE,FALSE,,/home/spa/LLM-Native/v2_experiments/datasets/curated/vul4c_cwe119_imagemagick_cve20169556/vulnerable,TRUE,2,TRUE,FALSE,,/home/spa/LLM-Native/v2_experiments/datasets/curated/vul4c_cwe119_imagemagick_cve20169556/fixed,TRUE,0,TRUE,SgiHeaderDimensionRangeValidation,4,0,100,90,29605,2196,31801,64708,4770,69478,9,147.858,87.692,59.905,
vul4c_cwe119_libming_cve20169827,libming,CWE-119,buffer overflow,csa,2026/4/23 11:26,/home/spa/LLM-Native/v2_experiments/runs/vul4c_cwe119_libming_cve20169827/primary/csa/20260423_112006,/home/spa/LLM-Native/v2_experiments/runs/vul4c_cwe119_libming_cve20169827/primary/csa/20260423_112006/final_report.json,FALSE,TRUE,FALSE,FALSE,,/home/spa/LLM-Native/v2_experiments/datasets/curated/vul4c_cwe119_libming_cve20169827/vulnerable,FALSE,0,TRUE,FALSE,,/home/spa/LLM-Native/v2_experiments/datasets/curated/vul4c_cwe119_libming_cve20169827/fixed,TRUE,0,FALSE,StringFieldRawReadMismatchChecker,4,1,269,220,31708,3532,35240,68827,7517,76344,9,127.318,113.513,13.54,检测器已生成，但未在漏洞版本命中
vul4c_cwe119_libming_cve20169827,libming,CWE-119,buffer overflow,codeql,2026/4/23 12:31,/home/spa/LLM-Native/v2_experiments/runs/vul4c_cwe119_libming_cve20169827/primary/codeql/20260423_122916,/home/spa/LLM-Native/v2_experiments/runs/vul4c_cwe119_libming_cve20169827/primary/codeql/20260423_122916/final_report.json,FALSE,TRUE,FALSE,FALSE,,/home/spa/LLM-Native/v2_experiments/datasets/curated/vul4c_cwe119_libming_cve20169827/vulnerable,FALSE,0,TRUE,FALSE,,/home/spa/LLM-Native/v2_experiments/datasets/curated/vul4c_cwe119_libming_cve20169827/fixed,TRUE,0,FALSE,StringReaderContractMismatch,4,0,126,112,30035,2474,32509,65481,5340,70821,9,116.481,96.511,19.728,检测器已生成，但未在漏洞版本命中
vul4c_cwe120_jhead_cve202028840,jhead,CWE-120,classic buffer overflow,csa,2026/4/23 11:33,/home/spa/LLM-Native/v2_experiments/runs/vul4c_cwe120_jhead_cve202028840/primary/csa/20260423_113029,/home/spa/LLM-Native/v2_experiments/runs/vul4c_cwe120_jhead_cve202028840/primary/csa/20260423_113029/final_report.json,TRUE,TRUE,TRUE,FALSE,,/home/spa/LLM-Native/v2_experiments/datasets/curated/vul4c_cwe120_jhead_cve202028840/vulnerable,TRUE,3,TRUE,FALSE,,/home/spa/LLM-Native/v2_experiments/datasets/curated/vul4c_cwe120_jhead_cve202028840/fixed,FALSE,3,FALSE,OutOfBoundsLookaheadReadChecker,4,1,432,363,33231,6723,39954,71925,14150,86075,9,173.167,169.78,3.143,
vul4c_cwe120_jhead_cve202028840,jhead,CWE-120,classic buffer overflow,codeql,2026/4/23 12:16,/home/spa/LLM-Native/v2_experiments/runs/vul4c_cwe120_jhead_cve202028840/primary/codeql/20260423_121304,/home/spa/LLM-Native/v2_experiments/runs/vul4c_cwe120_jhead_cve202028840/primary/codeql/20260423_121304/final_report.json,FALSE,TRUE,FALSE,FALSE,,/home/spa/LLM-Native/v2_experiments/datasets/curated/vul4c_cwe120_jhead_cve202028840/vulnerable,FALSE,0,TRUE,FALSE,,/home/spa/LLM-Native/v2_experiments/datasets/curated/vul4c_cwe120_jhead_cve202028840/fixed,TRUE,0,FALSE,UncheckedLookaheadRead,8,0,80,69,65861,5467,71328,137185,11679,148864,17,176.957,167.55,9.18,检测器已生成，但未在漏洞版本命中
vul4c_cwe125_binutils_cve201715021,binutils,CWE-125,out-of-bounds read,csa,2026/4/23 12:51,/home/spa/LLM-Native/v2_experiments/runs/vul4c_cwe125_binutils_cve201715021/primary/csa/20260423_124803,/home/spa/LLM-Native/v2_experiments/runs/vul4c_cwe125_binutils_cve201715021/primary/csa/20260423_124803/final_report.json,TRUE,TRUE,TRUE,FALSE,,/home/spa/LLM-Native/v2_experiments/datasets/curated/vul4c_cwe125_binutils_cve201715021/vulnerable,TRUE,1,TRUE,FALSE,,/home/spa/LLM-Native/v2_experiments/datasets/curated/vul4c_cwe125_binutils_cve201715021/fixed,TRUE,0,TRUE,FixedWidthReadBoundsChecker,4,1,181,156,32015,2624,34639,69529,5903,75432,9,129.736,86.973,42.545,
vul4c_cwe125_binutils_cve201715021,binutils,CWE-125,out-of-bounds read,codeql,2026/4/23 13:00,/home/spa/LLM-Native/v2_experiments/runs/vul4c_cwe125_binutils_cve201715021/primary/codeql/20260423_125718,/home/spa/LLM-Native/v2_experiments/runs/vul4c_cwe125_binutils_cve201715021/primary/codeql/20260423_125718/final_report.json,TRUE,TRUE,TRUE,FALSE,,/home/spa/LLM-Native/v2_experiments/datasets/curated/vul4c_cwe125_binutils_cve201715021/vulnerable,TRUE,4,TRUE,FALSE,,/home/spa/LLM-Native/v2_experiments/datasets/curated/vul4c_cwe125_binutils_cve201715021/fixed,FALSE,4,FALSE,IncompleteFixedWidthReadBoundsCheck,3,0,50,44,23530,1285,24815,52559,3190,55749,7,127.243,85.608,41.388,
vul4c_cwe190_binutils_cve201714745,binutils,CWE-190,integer overflow or wraparound,csa,2026/4/23 13:43,/home/spa/LLM-Native/v2_experiments/runs/vul4c_cwe190_binutils_cve201714745/primary/csa/20260423_133731,/home/spa/LLM-Native/v2_experiments/runs/vul4c_cwe190_binutils_cve201714745/primary/csa/20260423_133731/final_report.json,TRUE,TRUE,TRUE,FALSE,,/home/spa/LLM-Native/v2_experiments/datasets/curated/vul4c_cwe190_binutils_cve201714745/vulnerable,TRUE,3,TRUE,FALSE,,/home/spa/LLM-Native/v2_experiments/datasets/curated/vul4c_cwe190_binutils_cve201714745/fixed,TRUE,0,TRUE,UncheckedNegativeCountToSizeChecker,4,1,445,378,31791,3383,35174,69029,7463,76492,9,265.43,219.018,46.171,
vul4c_cwe190_binutils_cve201714745,binutils,CWE-190,integer overflow or wraparound,codeql,2026/4/23 13:47,/home/spa/LLM-Native/v2_experiments/runs/vul4c_cwe190_binutils_cve201714745/primary/codeql/20260423_134322,/home/spa/LLM-Native/v2_experiments/runs/vul4c_cwe190_binutils_cve201714745/primary/codeql/20260423_134322/final_report.json,TRUE,TRUE,TRUE,FALSE,,/home/spa/LLM-Native/v2_experiments/datasets/curated/vul4c_cwe190_binutils_cve201714745/vulnerable,TRUE,5,TRUE,FALSE,,/home/spa/LLM-Native/v2_experiments/datasets/curated/vul4c_cwe190_binutils_cve201714745/fixed,FALSE,5,FALSE,NegativeCountToSizeConsumer,4,0,103,91,31785,1811,33596,69017,4282,73299,9,204.395,165.23,39.149,
vul4c_cwe190_jasper_cve20169387,jasper,CWE-190,integer overflow or wraparound,csa,2026/4/23 14:12,/home/spa/LLM-Native/v2_experiments/runs/vul4c_cwe190_jasper_cve20169387/primary/csa/20260423_140803,/home/spa/LLM-Native/v2_experiments/runs/vul4c_cwe190_jasper_cve20169387/primary/csa/20260423_140803/final_report.json,TRUE,TRUE,TRUE,FALSE,,/home/spa/LLM-Native/v2_experiments/datasets/curated/vul4c_cwe190_jasper_cve20169387/vulnerable,TRUE,3,TRUE,FALSE,,/home/spa/LLM-Native/v2_experiments/datasets/curated/vul4c_cwe190_jasper_cve20169387/fixed,TRUE,0,TRUE,IntegerOverflowChecker,4,1,274,234,33069,3297,36366,71807,7272,79079,9,231.941,222.101,9.583,
vul4c_cwe190_jasper_cve20169387,jasper,CWE-190,integer overflow or wraparound,codeql,2026/4/23 14:16,/home/spa/LLM-Native/v2_experiments/runs/vul4c_cwe190_jasper_cve20169387/primary/codeql/20260423_141240,/home/spa/LLM-Native/v2_experiments/runs/vul4c_cwe190_jasper_cve20169387/primary/codeql/20260423_141240/final_report.json,FALSE,TRUE,FALSE,FALSE,,/home/spa/LLM-Native/v2_experiments/datasets/curated/vul4c_cwe190_jasper_cve20169387/vulnerable,FALSE,0,TRUE,FALSE,,/home/spa/LLM-Native/v2_experiments/datasets/curated/vul4c_cwe190_jasper_cve20169387/fixed,TRUE,0,FALSE,IntegerOverflowInTileCountComputation,4,0,97,90,32520,2027,34547,70709,4830,75539,9,180.552,169.995,10.54,检测器已生成，但未在漏洞版本命中
vul4c_cwe369_binutils_cve201715025,binutils,CWE-369,divide by zero,csa,2026/4/23 15:02,/home/spa/LLM-Native/v2_experiments/runs/vul4c_cwe369_binutils_cve201715025/primary/csa/20260423_145640,/home/spa/LLM-Native/v2_experiments/runs/vul4c_cwe369_binutils_cve201715025/primary/csa/20260423_145640/final_report.json,TRUE,TRUE,TRUE,FALSE,,/home/spa/LLM-Native/v2_experiments/datasets/curated/vul4c_cwe369_binutils_cve201715025/vulnerable,TRUE,9,TRUE,FALSE,,/home/spa/LLM-Native/v2_experiments/datasets/curated/vul4c_cwe369_binutils_cve201715025/fixed,FALSE,9,FALSE,DivideByZeroChecker,4,1,289,231,34334,3572,37906,74091,7635,81726,9,267.587,222.752,44.621,
vul4c_cwe369_binutils_cve201715025,binutils,CWE-369,divide by zero,codeql,2026/4/23 14:55,/home/spa/LLM-Native/v2_experiments/runs/vul4c_cwe369_binutils_cve201715025/primary/codeql/20260423_145116,/home/spa/LLM-Native/v2_experiments/runs/vul4c_cwe369_binutils_cve201715025/primary/codeql/20260423_145116/final_report.json,TRUE,TRUE,TRUE,FALSE,,/home/spa/LLM-Native/v2_experiments/datasets/curated/vul4c_cwe369_binutils_cve201715025/vulnerable,TRUE,6,TRUE,FALSE,,/home/spa/LLM-Native/v2_experiments/datasets/curated/vul4c_cwe369_binutils_cve201715025/fixed,FALSE,6,FALSE,DivideByZeroUncheckedParsedDenominator,4,0,99,89,32655,1888,34543,70733,4321,75054,9,186.846,158.355,28.271,
vul4c_cwe416_imagemagick_cve201712877,imagemagick,CWE-416,use after free,csa,2026/4/23 15:10,/home/spa/LLM-Native/v2_experiments/runs/vul4c_cwe416_imagemagick_cve201712877/primary/csa/20260423_150431,/home/spa/LLM-Native/v2_experiments/runs/vul4c_cwe416_imagemagick_cve201712877/primary/csa/20260423_150431/final_report.json,TRUE,TRUE,TRUE,FALSE,,/home/spa/LLM-Native/v2_experiments/datasets/curated/vul4c_cwe416_imagemagick_cve201712877/vulnerable,TRUE,3,TRUE,FALSE,,/home/spa/LLM-Native/v2_experiments/datasets/curated/vul4c_cwe416_imagemagick_cve201712877/fixed,TRUE,0,TRUE,UseAfterFreeChecker,4,1,334,288,33831,3021,36852,73161,6675,79836,9,254.393,204.681,49.167,
vul4c_cwe416_imagemagick_cve201712877,imagemagick,CWE-416,use after free,codeql,2026/4/23 15:16,/home/spa/LLM-Native/v2_experiments/runs/vul4c_cwe416_imagemagick_cve201712877/primary/codeql/20260423_151031,/home/spa/LLM-Native/v2_experiments/runs/vul4c_cwe416_imagemagick_cve201712877/primary/codeql/20260423_151031/final_report.json,FALSE,TRUE,FALSE,FALSE,,/home/spa/LLM-Native/v2_experiments/datasets/curated/vul4c_cwe416_imagemagick_cve201712877/vulnerable,FALSE,0,TRUE,FALSE,,/home/spa/LLM-Native/v2_experiments/datasets/curated/vul4c_cwe416_imagemagick_cve201712877/fixed,TRUE,0,FALSE,ImageListDeletedAliasUseAfterFree,4,0,108,97,32507,2251,34758,70513,5144,75657,9,241.592,184.879,56.481,检测器已生成，但未在漏洞版本命中
vul4c_cwe415_libzip_cve201712858,libzip,CWE-415,double free,csa,2026/4/23 16:58,/home/spa/LLM-Native/v2_experiments/runs/vul4c_cwe415_libzip_cve201712858/primary/csa/20260423_164812_manual,/home/spa/LLM-Native/v2_experiments/runs/vul4c_cwe415_libzip_cve201712858/primary/csa/20260423_164812_manual/final_report.json,TRUE,TRUE,TRUE,FALSE,,/home/spa/LLM-Native/v2_experiments/datasets/curated/vul4c_cwe415_libzip_cve201712858/vulnerable,TRUE,14,TRUE,FALSE,,/home/spa/LLM-Native/v2_experiments/datasets/curated/vul4c_cwe415_libzip_cve201712858/fixed,FALSE,13,FALSE,WinzipAESBufferOwnershipChecker,4,1,148,121,34720,4253,38973,69440,8506,77946,8,256.623,252.857,3.483,
vul4c_cwe415_libzip_cve201712858,libzip,CWE-415,double free,codeql,2026/4/23 16:58,/home/spa/LLM-Native/v2_experiments/runs/vul4c_cwe415_libzip_cve201712858/primary/codeql/20260423_164900_manual,/home/spa/LLM-Native/v2_experiments/runs/vul4c_cwe415_libzip_cve201712858/primary/codeql/20260423_164900_manual/final_report.json,TRUE,TRUE,TRUE,FALSE,,/home/spa/LLM-Native/v2_experiments/datasets/curated/vul4c_cwe415_libzip_cve201712858/vulnerable,TRUE,13,TRUE,FALSE,,/home/spa/LLM-Native/v2_experiments/datasets/curated/vul4c_cwe415_libzip_cve201712858/fixed,FALSE,12,FALSE,PatchGuidedQuery,3,0,56,49,8409,811,9220,22218,2159,24377,3,113.183,98.732,14.355,
vul4c_cwe476_binutils_cve201714940,binutils,CWE-476,NULL pointer dereference,csa,2026/4/23 17:23,/home/spa/LLM-Native/v2_experiments/runs/vul4c_cwe476_binutils_cve201714940/primary/csa/20260423_171100,/home/spa/LLM-Native/v2_experiments/runs/vul4c_cwe476_binutils_cve201714940/primary/csa/20260423_171100/final_report.json,TRUE,TRUE,TRUE,FALSE,,/home/spa/LLM-Native/v2_experiments/datasets/curated/vul4c_cwe476_binutils_cve201714940/vulnerable,TRUE,7,TRUE,FALSE,,/home/spa/LLM-Native/v2_experiments/datasets/curated/vul4c_cwe476_binutils_cve201714940/fixed,FALSE,7,FALSE,NullDerefChecker,5,1,164,138,33680,3120,36800,33680,3120,36800,5,238.417,196.284,41.903,
vul4c_cwe476_binutils_cve201714940,binutils,CWE-476,NULL pointer dereference,codeql,2026/4/23 17:46,/home/spa/LLM-Native/v2_experiments/runs/vul4c_cwe476_binutils_cve201714940/primary/codeql/20260423_172415,/home/spa/LLM-Native/v2_experiments/runs/vul4c_cwe476_binutils_cve201714940/primary/codeql/20260423_172415/final_report.json,TRUE,TRUE,TRUE,FALSE,,/home/spa/LLM-Native/v2_experiments/datasets/curated/vul4c_cwe476_binutils_cve201714940/vulnerable,TRUE,5,TRUE,FALSE,,/home/spa/LLM-Native/v2_experiments/datasets/curated/vul4c_cwe476_binutils_cve201714940/fixed,TRUE,0,TRUE,BfdDwarfBlockDataNullDeref,9,7,49,44,143021,6099,149120,143021,6099,149120,19,286.411,225.824,17.36,
vul4c_cwe476_jasper_cve201610248,jasper,CWE-476,NULL pointer dereference,csa,2026/4/23 19:10,/home/spa/LLM-Native/v2_experiments/runs/vul4c_cwe476_jasper_cve201610248/primary/csa/20260423_190549,/home/spa/LLM-Native/v2_experiments/runs/vul4c_cwe476_jasper_cve201610248/primary/csa/20260423_190549/final_report.json,FALSE,TRUE,FALSE,FALSE,,/home/spa/LLM-Native/v2_experiments/datasets/curated/vul4c_cwe476_jasper_cve201610248/vulnerable,FALSE,0,TRUE,FALSE,,/home/spa/LLM-Native/v2_experiments/datasets/curated/vul4c_cwe476_jasper_cve201610248/fixed,TRUE,0,FALSE,EmptySequenceReferenceGuardChecker,3,1,322,268,25487,4008,29495,56588,8908,65496,7,273.855,264.339,9.286,检测器已生成，但未在漏洞版本命中
vul4c_cwe476_jasper_cve201610248,jasper,CWE-476,NULL pointer dereference,codeql,2026/4/23 19:13,/home/spa/LLM-Native/v2_experiments/runs/vul4c_cwe476_jasper_cve201610248/primary/codeql/20260423_191036,/home/spa/LLM-Native/v2_experiments/runs/vul4c_cwe476_jasper_cve201610248/primary/codeql/20260423_191036/final_report.json,FALSE,TRUE,FALSE,FALSE,,/home/spa/LLM-Native/v2_experiments/datasets/curated/vul4c_cwe476_jasper_cve201610248/vulnerable,FALSE,0,TRUE,FALSE,,/home/spa/LLM-Native/v2_experiments/datasets/curated/vul4c_cwe476_jasper_cve201610248/fixed,TRUE,0,FALSE,EmptySequenceGetrefWithoutSizeGuard,3,0,57,50,23883,1430,25313,53380,3598,56978,7,142.451,132.106,10.33,检测器已生成，但未在漏洞版本命中
vul4c_cwe787_openjpeg_cve201714041,openjpeg,CWE-787,out-of-bounds write,csa,2026/4/23 18:07,/home/spa/LLM-Native/v2_experiments/runs/vul4c_cwe787_openjpeg_cve201714041/primary/csa/20260423_180340,/home/spa/LLM-Native/v2_experiments/runs/vul4c_cwe787_openjpeg_cve201714041/primary/csa/20260423_180340/final_report.json,TRUE,TRUE,TRUE,FALSE,,/home/spa/LLM-Native/v2_experiments/datasets/curated/vul4c_cwe787_openjpeg_cve201714041/vulnerable,TRUE,1,TRUE,FALSE,,/home/spa/LLM-Native/v2_experiments/datasets/curated/vul4c_cwe787_openjpeg_cve201714041/fixed,TRUE,0,TRUE,FormattedInputWidthBoundChecker,3,1,266,227,24527,3204,27731,54618,7132,61750,7,219.358,204.12,15.021,
vul4c_cwe787_openjpeg_cve201714041,openjpeg,CWE-787,out-of-bounds write,codeql,2026/4/23 18:10,/home/spa/LLM-Native/v2_experiments/runs/vul4c_cwe787_openjpeg_cve201714041/primary/codeql/20260423_180738,/home/spa/LLM-Native/v2_experiments/runs/vul4c_cwe787_openjpeg_cve201714041/primary/codeql/20260423_180738/final_report.json,TRUE,TRUE,TRUE,FALSE,,/home/spa/LLM-Native/v2_experiments/datasets/curated/vul4c_cwe787_openjpeg_cve201714041/vulnerable,TRUE,1,TRUE,FALSE,,/home/spa/LLM-Native/v2_experiments/datasets/curated/vul4c_cwe787_openjpeg_cve201714041/fixed,TRUE,0,TRUE,ScanfUnboundedScansetInConvert,4,0,64,57,30313,1975,32288,66190,4559,70749,9,173.481,162.712,10.753,
vul4c_cwe20_jasper_cve20169390,jasper,CWE-20,input validation error,csa,2026/4/23 18:20,/home/spa/LLM-Native/v2_experiments/runs/vul4c_cwe20_jasper_cve20169390/primary/csa/20260423_181643,/home/spa/LLM-Native/v2_experiments/runs/vul4c_cwe20_jasper_cve20169390/primary/csa/20260423_181643/final_report.json,TRUE,TRUE,TRUE,FALSE,,/home/spa/LLM-Native/v2_experiments/datasets/curated/vul4c_cwe20_jasper_cve20169390/vulnerable,TRUE,2,TRUE,FALSE,,/home/spa/LLM-Native/v2_experiments/datasets/curated/vul4c_cwe20_jasper_cve20169390/fixed,FALSE,2,FALSE,InvalidTileGeometryValidationChecker,3,1,95,77,22133,3650,25783,49790,7910,57700,7,242.82,233.062,9.227,
vul4c_cwe20_jasper_cve20169390,jasper,CWE-20,input validation error,codeql,2026/4/23 18:23,/home/spa/LLM-Native/v2_experiments/runs/vul4c_cwe20_jasper_cve20169390/primary/codeql/20260423_182058,/home/spa/LLM-Native/v2_experiments/runs/vul4c_cwe20_jasper_cve20169390/primary/codeql/20260423_182058/final_report.json,TRUE,TRUE,TRUE,FALSE,,/home/spa/LLM-Native/v2_experiments/datasets/curated/vul4c_cwe20_jasper_cve20169390/vulnerable,TRUE,2,TRUE,FALSE,,/home/spa/LLM-Native/v2_experiments/datasets/curated/vul4c_cwe20_jasper_cve20169390/fixed,FALSE,2,FALSE,MissingTileOffsetBoundsCheck,3,0,59,53,22657,1271,23928,50838,3109,53947,7,128.368,117.827,10.524,
vul4c_cwe20_binutils_cve20179043,binutils,CWE-20,input validation error,csa,2026/4/23 18:50,/home/spa/LLM-Native/v2_experiments/runs/vul4c_cwe20_binutils_cve20179043/primary/csa/20260423_184530,/home/spa/LLM-Native/v2_experiments/runs/vul4c_cwe20_binutils_cve20179043/primary/csa/20260423_184530/final_report.json,FALSE,TRUE,FALSE,FALSE,,/home/spa/LLM-Native/v2_experiments/datasets/curated/vul4c_cwe20_binutils_cve20179043/vulnerable,FALSE,0,TRUE,FALSE,,/home/spa/LLM-Native/v2_experiments/datasets/curated/vul4c_cwe20_binutils_cve20179043/fixed,TRUE,0,FALSE,EncodedScalarLengthValidationChecker,3,1,311,265,24287,3711,27998,54282,7865,62147,7,268.923,225.243,43.455,检测器已生成，但未在漏洞版本命中
vul4c_cwe20_binutils_cve20179043,binutils,CWE-20,input validation error,codeql,2026/4/23 19:00,v2_experiments/runs/vul4c_cwe20_binutils_cve20179043/primary/codeql/20260423_185048,v2_experiments/runs/vul4c_cwe20_binutils_cve20179043/primary/codeql/20260423_185048/final_report.json,FALSE,TRUE,FALSE,FALSE,,/home/spa/LLM-Native/v2_experiments/datasets/curated/vul4c_cwe20_binutils_cve20179043/vulnerable,FALSE,0,TRUE,FALSE,,/home/spa/LLM-Native/v2_experiments/datasets/curated/vul4c_cwe20_binutils_cve20179043/fixed,TRUE,0,FALSE,MissingNumericNoteWidthCheck,8,0,95,86,66707,5551,72258,139122,11832,150954,17,362.3,350.016,12.268,检测器已生成，但未在漏洞版本命中
vul4c_cwe125_graphicsmagick_cve201712937,graphicsmagick,CWE-125,out-of-bounds read,csa,2026/4/23 20:24,/home/spa/LLM-Native/v2_experiments/runs/vul4c_cwe125_graphicsmagick_cve201712937/primary/csa/20260423_201936,/home/spa/LLM-Native/v2_experiments/runs/vul4c_cwe125_graphicsmagick_cve201712937/primary/csa/20260423_201936/final_report.json,TRUE,TRUE,TRUE,FALSE,,/home/spa/LLM-Native/v2_experiments/datasets/curated/vul4c_cwe125_graphicsmagick_cve201712937/vulnerable,TRUE,12,TRUE,FALSE,,/home/spa/LLM-Native/v2_experiments/datasets/curated/vul4c_cwe125_graphicsmagick_cve201712937/fixed,FALSE,12,FALSE,ColormapIndexBoundsChecker,3,1,285,219,22672,3310,25982,50868,7144,58012,7,240.917,205.549,35.125,
vul4c_cwe125_graphicsmagick_cve201712937,graphicsmagick,CWE-125,out-of-bounds read,codeql,2026/4/23 20:30,/home/spa/LLM-Native/v2_experiments/runs/vul4c_cwe125_graphicsmagick_cve201712937/primary/codeql/20260423_202513,/home/spa/LLM-Native/v2_experiments/runs/vul4c_cwe125_graphicsmagick_cve201712937/primary/codeql/20260423_202513/final_report.json,TRUE,TRUE,TRUE,FALSE,,/home/spa/LLM-Native/v2_experiments/datasets/curated/vul4c_cwe125_graphicsmagick_cve201712937/vulnerable,TRUE,21,TRUE,FALSE,,/home/spa/LLM-Native/v2_experiments/datasets/curated/vul4c_cwe125_graphicsmagick_cve201712937/fixed,FALSE,21,FALSE,SunColormapIndexUncheckedRead,4,0,76,67,30154,1466,31620,65832,3532,69364,9,221.678,135.796,85.661,
vul4c_cwe416_graphicsmagick_cve201714103,graphicsmagick,CWE-416,use after free,csa,2026/4/23 20:51,/home/spa/LLM-Native/v2_experiments/runs/vul4c_cwe416_graphicsmagick_cve201714103/primary/csa/20260423_204501,/home/spa/LLM-Native/v2_experiments/runs/vul4c_cwe416_graphicsmagick_cve201714103/primary/csa/20260423_204501/final_report.json,FALSE,TRUE,FALSE,FALSE,,/home/spa/LLM-Native/v2_experiments/datasets/curated/vul4c_cwe416_graphicsmagick_cve201714103/vulnerable,FALSE,0,TRUE,FALSE,,/home/spa/LLM-Native/v2_experiments/datasets/curated/vul4c_cwe416_graphicsmagick_cve201714103/fixed,TRUE,0,FALSE,UseAfterFreeChecker,3,1,346,283,27814,4022,31836,63767,9369,73136,7,331.81,297.261,34.33,检测器已生成，但未在漏洞版本命中
vul4c_cwe416_graphicsmagick_cve201714103,graphicsmagick,CWE-416,use after free,codeql,2026/4/23 20:39,/home/spa/LLM-Native/v2_experiments/runs/vul4c_cwe416_graphicsmagick_cve201714103/primary/codeql/20260423_203526,/home/spa/LLM-Native/v2_experiments/runs/vul4c_cwe416_graphicsmagick_cve201714103/primary/codeql/20260423_203526/final_report.json,FALSE,TRUE,FALSE,FALSE,,/home/spa/LLM-Native/v2_experiments/datasets/curated/vul4c_cwe416_graphicsmagick_cve201714103/vulnerable,FALSE,0,TRUE,FALSE,,/home/spa/LLM-Native/v2_experiments/datasets/curated/vul4c_cwe416_graphicsmagick_cve201714103/fixed,TRUE,0,FALSE,PngReadJNGImageErrorPathUseAfterFree,4,0,59,52,34148,1524,35672,75058,3954,79012,9,211.34,168.907,42.215,检测器已生成，但未在漏洞版本命中
vul4c_cwe787_ngiflib_cve201810717,ngiflib,CWE-787,out-of-bounds write,csa,2026/4/23 21:05,/home/spa/LLM-Native/v2_experiments/runs/vul4c_cwe787_ngiflib_cve201810717/primary/csa/20260423_205600,/home/spa/LLM-Native/v2_experiments/runs/vul4c_cwe787_ngiflib_cve201810717/primary/csa/20260423_205600/final_report.json,TRUE,TRUE,TRUE,FALSE,,/home/spa/LLM-Native/v2_experiments/datasets/curated/vul4c_cwe787_ngiflib_cve201810717/vulnerable,TRUE,2,TRUE,FALSE,,/home/spa/LLM-Native/v2_experiments/datasets/curated/vul4c_cwe787_ngiflib_cve201810717/fixed,TRUE,0,TRUE,RemainingPixelBoundsWriteChecker,17,1,242,213,154306,4730,159036,161280,6069,167349,17,330.273,330.273,1.306,
vul4c_cwe787_ngiflib_cve201810717,ngiflib,CWE-787,out-of-bounds write,codeql,2026/4/23 21:09,/home/spa/LLM-Native/v2_experiments/runs/vul4c_cwe787_ngiflib_cve201810717/primary/codeql/20260423_210607,/home/spa/LLM-Native/v2_experiments/runs/vul4c_cwe787_ngiflib_cve201810717/primary/codeql/20260423_210607/final_report.json,FALSE,TRUE,FALSE,FALSE,,/home/spa/LLM-Native/v2_experiments/datasets/curated/vul4c_cwe787_ngiflib_cve201810717/vulnerable,FALSE,0,TRUE,FALSE,,/home/spa/LLM-Native/v2_experiments/datasets/curated/vul4c_cwe787_ngiflib_cve201810717/fixed,FALSE,1,FALSE,RemainingPixelBoundsWrite,4,0,78,68,32602,1805,34407,72178,4920,77098,9,195.844,189.771,5.847,检测器已生成，但未在漏洞版本命中
git_cwe120_xrdp_cve202223468,xrdp,CWE-120,classic buffer overflow,csa,2026/4/23 21:16,/home/spa/LLM-Native/v2_experiments/runs/git_cwe120_xrdp_cve202223468/primary/csa/20260423_211121,/home/spa/LLM-Native/v2_experiments/runs/git_cwe120_xrdp_cve202223468/primary/csa/20260423_211121/final_report.json,TRUE,TRUE,TRUE,FALSE,,/home/spa/LLM-Native/v2_experiments/datasets/curated/git_cwe120_xrdp_cve202223468/vulnerable,TRUE,2,TRUE,FALSE,,/home/spa/LLM-Native/v2_experiments/datasets/curated/git_cwe120_xrdp_cve202223468/fixed,TRUE,0,TRUE,UnboundedFormattedWriteChecker,3,1,146,121,23711,2003,25714,54226,4870,59096,7,327.902,324.089,3.589,
git_cwe120_xrdp_cve202223468,xrdp,CWE-120,classic buffer overflow,codeql,2026/4/23 21:19,/home/spa/LLM-Native/v2_experiments/runs/git_cwe120_xrdp_cve202223468/primary/codeql/20260423_211656,/home/spa/LLM-Native/v2_experiments/runs/git_cwe120_xrdp_cve202223468/primary/codeql/20260423_211656/final_report.json,TRUE,TRUE,TRUE,FALSE,,/home/spa/LLM-Native/v2_experiments/datasets/curated/git_cwe120_xrdp_cve202223468/vulnerable,TRUE,2,TRUE,FALSE,,/home/spa/LLM-Native/v2_experiments/datasets/curated/git_cwe120_xrdp_cve202223468/fixed,TRUE,0,TRUE,UnboundedFormatToBufferChecker,4,0,35,30,31149,1451,32600,69102,3663,72765,9,147.18,140.141,7.023,
git_cwe415_vim_cve202555158,vim,CWE-415,double free,csa,2026/4/23 21:29,/home/spa/LLM-Native/v2_experiments/runs/git_cwe415_vim_cve202555158/primary/csa/20260423_212141,/home/spa/LLM-Native/v2_experiments/runs/git_cwe415_vim_cve202555158/primary/csa/20260423_212141/final_report.json,FALSE,TRUE,FALSE,FALSE,,/home/spa/LLM-Native/v2_experiments/datasets/curated/git_cwe415_vim_cve202555158/vulnerable,FALSE,0,TRUE,FALSE,,/home/spa/LLM-Native/v2_experiments/datasets/curated/git_cwe415_vim_cve202555158/fixed,TRUE,0,FALSE,TypvalTransferWithoutInvalidationChecker,3,1,311,245,23674,3444,27118,54009,7999,62008,7,342.278,239.381,102.675,检测器已生成，但未在漏洞版本命中
git_cwe415_vim_cve202555158,vim,CWE-415,double free,codeql,2026/4/23 21:32,/home/spa/LLM-Native/v2_experiments/runs/git_cwe415_vim_cve202555158/primary/codeql/20260423_212911,/home/spa/LLM-Native/v2_experiments/runs/git_cwe415_vim_cve202555158/primary/codeql/20260423_212911/final_report.json,TRUE,TRUE,TRUE,FALSE,,/home/spa/LLM-Native/v2_experiments/datasets/curated/git_cwe415_vim_cve202555158/vulnerable,TRUE,1,TRUE,FALSE,,/home/spa/LLM-Native/v2_experiments/datasets/curated/git_cwe415_vim_cve202555158/fixed,FALSE,1,FALSE,PatchGuidedQuery,3,0,58,51,23110,3498,26608,46220,6996,53216,6,125.35,70.282,55.053,
